{"hashes":{"000ac7dc9366969db9d1e41810a3a27c747a7623535d856eecc2de86cfed80c7":{"appid":"eeobbhfgfagbclfofmgbdfoicabjdbkn"},"00af3f07b5abb71f6d30337e1eef62fa280f06ef19485c0cf6b72171f92ccc0a":{"appid":"kpfehajjjbbcifeehjgfgnabifknmdad"},"89f43cb3df807293de2772d5f01ac2fc1482b38ccc8fdaee859b80642b7a0487":{"appid":"pghocgajpebopihickglahgebcmkcekh"},"95fd9d48e4fc245a3f3a99a3a16ecd1355050ba3f4afc555f19a97c7f9b49677":{"appid":"ohckeflnhegojcjlcpbfpciadgikcohk"},"a81d1959892ae4180554347df1b97834abba2e1a5e6b9aeba000ecea26eabecc":{"appid":"fppmbhmldokgmleojlplaaodlkibgikh"},"fa29a6d5775ff340900a65b39b02fc8b4b77d403c048d8debf22f2f5d09c61a0":{"appid":"oankkpibpaokgecfckkdkgaoafllipag"},"fbb2c0f4fad3b34b3ac7116d98f83638cf6f55a47992026a7abf944a759aa0ea":{"appid":"fgbafbciocncjfbbonhocjaohoknlaco"}}}